EntityName,SubReddit
aatrox,leagueoflegends
ahri,leagueoflegends
akali,leagueoflegends
alistar,leagueoflegends
amumu,leagueoflegends
anivia,leagueoflegends
annie,leagueoflegends
aphelios,leagueoflegends
ashe,leagueoflegends
aurelion sol,leagueoflegends
azir,leagueoflegends
bard,leagueoflegends
blitzcrank,leagueoflegends
brand,leagueoflegends
braum,leagueoflegends
caitlyn,leagueoflegends
camille,leagueoflegends
cassiopeia,leagueoflegends
cho'gath,leagueoflegends
corki,leagueoflegends
darius,leagueoflegends
diana,leagueoflegends
dr. mundo,leagueoflegends
draven,leagueoflegends
ekko,leagueoflegends
elise,leagueoflegends
evelynn,leagueoflegends
ezreal,leagueoflegends
fiddlesticks,leagueoflegends
fiora,leagueoflegends
fizz,leagueoflegends
galio,leagueoflegends
gangplank,leagueoflegends
garen,leagueoflegends
gnar,leagueoflegends
gragas,leagueoflegends
graves,leagueoflegends
hecarim,leagueoflegends
heimerdinger,leagueoflegends
illaoi,leagueoflegends
irelia,leagueoflegends
ivern,leagueoflegends
janna,leagueoflegends
jarvan iv,leagueoflegends
jax,leagueoflegends
jayce,leagueoflegends
jhin,leagueoflegends
jinx,leagueoflegends
kai'sa,leagueoflegends
kalista,leagueoflegends
karma,leagueoflegends
karthus,leagueoflegends
kassadin,leagueoflegends
katarina,leagueoflegends
kayle,leagueoflegends
kayn,leagueoflegends
kennen,leagueoflegends
kha'zix,leagueoflegends
kindred,leagueoflegends
kled,leagueoflegends
kog'maw,leagueoflegends
leblanc,leagueoflegends
lee sin,leagueoflegends
leona,leagueoflegends
lillia,leagueoflegends
lissandra,leagueoflegends
lucian,leagueoflegends
lulu,leagueoflegends
lux,leagueoflegends
malphite,leagueoflegends
malzahar,leagueoflegends
maokai,leagueoflegends
master yi,leagueoflegends
miss fortune,leagueoflegends
mordekaiser,leagueoflegends
morgana,leagueoflegends
nami,leagueoflegends
nasus,leagueoflegends
nautilus,leagueoflegends
neeko,leagueoflegends
nidalee,leagueoflegends
nocturne,leagueoflegends
nunu & willump,leagueoflegends
olaf,leagueoflegends
orianna,leagueoflegends
ornn,leagueoflegends
pantheon,leagueoflegends
poppy,leagueoflegends
pyke,leagueoflegends
qiyana,leagueoflegends
quinn,leagueoflegends
rakan,leagueoflegends
rammus,leagueoflegends
rek'sai,leagueoflegends
rell,leagueoflegends
renekton,leagueoflegends
rengar,leagueoflegends
riven,leagueoflegends
rumble,leagueoflegends
ryze,leagueoflegends
samira,leagueoflegends
sejuani,leagueoflegends
senna,leagueoflegends
seraphine,leagueoflegends
sett,leagueoflegends
shaco,leagueoflegends
shen,leagueoflegends
shyvana,leagueoflegends
singed,leagueoflegends
sion,leagueoflegends
sivir,leagueoflegends
skarner,leagueoflegends
sona,leagueoflegends
soraka,leagueoflegends
swain,leagueoflegends
sylas,leagueoflegends
syndra,leagueoflegends
tahm kench,leagueoflegends
taliyah,leagueoflegends
talon,leagueoflegends
taric,leagueoflegends
teemo,leagueoflegends
thresh,leagueoflegends
tristana,leagueoflegends
trundle,leagueoflegends
tryndamere,leagueoflegends
twisted fate,leagueoflegends
twitch,leagueoflegends
udyr,leagueoflegends
urgot,leagueoflegends
varus,leagueoflegends
vayne,leagueoflegends
veigar,leagueoflegends
vel'koz,leagueoflegends
vi,leagueoflegends
viego,leagueoflegends
viktor,leagueoflegends
vladimir,leagueoflegends
volibear,leagueoflegends
warwick,leagueoflegends
wukong,leagueoflegends
xayah,leagueoflegends
xerath,leagueoflegends
xin zhao,leagueoflegends
yasuo,leagueoflegends
yone,leagueoflegends
yorick,leagueoflegends
yuumi,leagueoflegends
zac,leagueoflegends
zed,leagueoflegends
ziggs,leagueoflegends
zilean,leagueoflegends
zoe,leagueoflegends
zyra,leagueoflegends